{
  "Name": "DeathInPovertyClipper",
  "Version": "1.0.0",
  "Factory Info": {
    "Vendor": "INDXPXND_PLUGINS",
    "URL": "www.INDXPXND_PLUGINS.com",
    "E-Mail": "https://linktr.ee/indxpxnd",
    "Flags": {
      "Unicode": true,
      "Classes Discardable": false,
      "Component Non Discardable": false,
    },
  },
  "Classes": [
    {
      "CID": "ABCDEF019182FAEB4D616E754C677578",
      "Category": "Audio Module Class",
      "Name": "DeathInPovertyClipper",
      "Vendor": "INDXPXND_PLUGINS",
      "Version": "1.0.0",
      "SDKVersion": "VST 3.8.0",
      "Sub Categories": [
        "Fx",
      ],
      "Class Flags": 0,
      "Cardinality": 2147483647,
      "Snapshots": [
      ],
    },
    {
      "CID": "ABCDEF011234ABCD4D616E754C677578",
      "Category": "Component Controller Class",
      "Name": "DeathInPovertyClipper",
      "Vendor": "INDXPXND_PLUGINS",
      "Version": "1.0.0",
      "SDKVersion": "VST 3.8.0",
      "Sub Categories": [
        "Fx",
      ],
      "Class Flags": 0,
      "Cardinality": 2147483647,
      "Snapshots": [
      ],
    },
  ],
}
